v(nsint_x_0_0)	0.000000e+00	1.500000e-04	9.092078e-11
v(nsint_x_1000_0)	3.000000e-04	1.500000e-04	8.991822e-11
v(nsint_y_0_0)	1.500000e-04	0.000000e+00	9.092078e-11
v(nsint_y_0_1000)	1.500000e-04	3.000000e-04	8.979616e-11
v(nsint_xy_0_0)	1.500000e-04	1.500000e-04	9.092078e-11
v(nsint_x_1000_0)	3.000000e-04	1.500000e-04	8.991822e-11
v(nsint_x_2000_0)	6.000000e-04	1.500000e-04	8.756359e-11
v(nsint_y_1000_0)	4.500000e-04	0.000000e+00	8.900874e-11
v(nsint_y_1000_1000)	4.500000e-04	3.000000e-04	8.820532e-11
v(nsint_xy_1000_0)	4.500000e-04	1.500000e-04	8.900874e-11
v(nsint_x_2000_0)	6.000000e-04	1.500000e-04	8.756359e-11
v(nsint_x_3000_0)	9.000000e-04	1.500000e-04	8.486939e-11
v(nsint_y_2000_0)	7.500000e-04	0.000000e+00	8.582731e-11
v(nsint_y_2000_1000)	7.500000e-04	3.000000e-04	8.366200e-11
v(nsint_xy_2000_0)	7.500000e-04	1.500000e-04	8.582731e-11
v(nsint_x_3000_0)	9.000000e-04	1.500000e-04	8.486939e-11
v(nsint_x_4000_0)	1.200000e-03	1.500000e-04	8.373742e-11
v(nsint_y_3000_0)	1.050000e-03	0.000000e+00	8.438542e-11
v(nsint_y_3000_1000)	1.050000e-03	3.000000e-04	8.341800e-11
v(nsint_xy_3000_0)	1.050000e-03	1.500000e-04	8.438542e-11
v(nsint_x_4000_0)	1.200000e-03	1.500000e-04	8.373742e-11
v(nsint_x_5000_0)	1.500000e-03	1.500000e-04	8.169137e-11
v(nsint_y_4000_0)	1.350000e-03	0.000000e+00	8.319295e-11
v(nsint_y_4000_1000)	1.350000e-03	3.000000e-04	8.321712e-11
v(nsint_xy_4000_0)	1.350000e-03	1.500000e-04	8.319295e-11
v(nsint_x_5000_0)	1.500000e-03	1.500000e-04	8.169137e-11
v(nsint_x_6000_0)	1.800000e-03	1.500000e-04	8.003891e-11
v(nsint_y_5000_0)	1.650000e-03	0.000000e+00	8.052360e-11
v(nsint_y_5000_1000)	1.650000e-03	3.000000e-04	7.869994e-11
v(nsint_xy_5000_0)	1.650000e-03	1.500000e-04	8.052360e-11
v(nsint_x_6000_0)	1.800000e-03	1.500000e-04	8.003891e-11
v(nsint_x_7000_0)	2.100000e-03	1.500000e-04	7.835389e-11
v(nsint_y_6000_0)	1.950000e-03	0.000000e+00	8.037128e-11
v(nsint_y_6000_1000)	1.950000e-03	3.000000e-04	7.949769e-11
v(nsint_xy_6000_0)	1.950000e-03	1.500000e-04	8.037128e-11
v(nsint_x_7000_0)	2.100000e-03	1.500000e-04	7.835389e-11
v(nsint_x_8000_0)	2.400000e-03	1.500000e-04	7.519187e-11
v(nsint_y_7000_0)	2.250000e-03	0.000000e+00	7.709234e-11
v(nsint_y_7000_1000)	2.250000e-03	3.000000e-04	7.557073e-11
v(nsint_xy_7000_0)	2.250000e-03	1.500000e-04	7.709234e-11
v(nsint_x_8000_0)	2.400000e-03	1.500000e-04	7.519187e-11
v(nsint_x_9000_0)	2.700000e-03	1.500000e-04	7.284795e-11
v(nsint_y_8000_0)	2.550000e-03	0.000000e+00	7.284795e-11
v(nsint_y_8000_1000)	2.550000e-03	3.000000e-04	7.008480e-11
v(nsint_xy_8000_0)	2.550000e-03	1.500000e-04	7.284795e-11
v(nsint_x_0_1000)	0.000000e+00	4.500000e-04	8.919397e-11
v(nsint_x_1000_1000)	3.000000e-04	4.500000e-04	8.780883e-11
v(nsint_y_0_1000)	1.500000e-04	3.000000e-04	8.979616e-11
v(nsint_y_0_2000)	1.500000e-04	6.000000e-04	8.754769e-11
v(nsint_xy_0_1000)	1.500000e-04	4.500000e-04	8.919397e-11
v(nsint_x_1000_1000)	3.000000e-04	4.500000e-04	8.780883e-11
v(nsint_x_2000_1000)	6.000000e-04	4.500000e-04	8.450368e-11
v(nsint_y_1000_1000)	4.500000e-04	3.000000e-04	8.820532e-11
v(nsint_y_1000_2000)	4.500000e-04	6.000000e-04	8.457045e-11
v(nsint_xy_1000_1000)	4.500000e-04	4.500000e-04	8.665569e-11
v(nsint_x_2000_1000)	6.000000e-04	4.500000e-04	8.450368e-11
v(nsint_x_3000_1000)	9.000000e-04	4.500000e-04	8.209800e-11
v(nsint_y_2000_1000)	7.500000e-04	3.000000e-04	8.366200e-11
v(nsint_y_2000_2000)	7.500000e-04	6.000000e-04	7.455704e-11
v(nsint_xy_2000_1000)	7.500000e-04	4.500000e-04	8.206155e-11
v(nsint_x_3000_1000)	9.000000e-04	4.500000e-04	8.209800e-11
v(nsint_x_4000_1000)	1.200000e-03	4.500000e-04	8.269714e-11
v(nsint_y_3000_1000)	1.050000e-03	3.000000e-04	8.341800e-11
v(nsint_y_3000_2000)	1.050000e-03	6.000000e-04	8.041478e-11
v(nsint_xy_3000_1000)	1.050000e-03	4.500000e-04	8.225244e-11
v(nsint_x_4000_1000)	1.200000e-03	4.500000e-04	8.269714e-11
v(nsint_x_5000_1000)	1.500000e-03	4.500000e-04	7.918122e-11
v(nsint_y_4000_1000)	1.350000e-03	3.000000e-04	8.321712e-11
v(nsint_y_4000_2000)	1.350000e-03	6.000000e-04	8.505396e-11
v(nsint_xy_4000_1000)	1.350000e-03	4.500000e-04	8.297602e-11
v(nsint_x_5000_1000)	1.500000e-03	4.500000e-04	7.918122e-11
v(nsint_x_6000_1000)	1.800000e-03	4.500000e-04	7.781061e-11
v(nsint_y_5000_1000)	1.650000e-03	3.000000e-04	7.869994e-11
v(nsint_y_5000_2000)	1.650000e-03	6.000000e-04	6.676846e-11
v(nsint_xy_5000_1000)	1.650000e-03	4.500000e-04	7.653451e-11
v(nsint_x_6000_1000)	1.800000e-03	4.500000e-04	7.781061e-11
v(nsint_x_7000_1000)	2.100000e-03	4.500000e-04	7.692988e-11
v(nsint_y_6000_1000)	1.950000e-03	3.000000e-04	7.949769e-11
v(nsint_y_6000_2000)	1.950000e-03	6.000000e-04	8.136283e-11
v(nsint_xy_6000_1000)	1.950000e-03	4.500000e-04	7.909651e-11
v(nsint_x_7000_1000)	2.100000e-03	4.500000e-04	7.692988e-11
v(nsint_x_8000_1000)	2.400000e-03	4.500000e-04	7.105213e-11
v(nsint_y_7000_1000)	2.250000e-03	3.000000e-04	7.557073e-11
v(nsint_y_7000_2000)	2.250000e-03	6.000000e-04	7.287828e-11
v(nsint_xy_7000_1000)	2.250000e-03	4.500000e-04	7.426294e-11
v(nsint_x_8000_1000)	2.400000e-03	4.500000e-04	7.105213e-11
v(nsint_x_9000_1000)	2.700000e-03	4.500000e-04	6.674637e-11
v(nsint_y_8000_1000)	2.550000e-03	3.000000e-04	7.008480e-11
v(nsint_y_8000_2000)	2.550000e-03	6.000000e-04	5.870438e-11
v(nsint_xy_8000_1000)	2.550000e-03	4.500000e-04	6.674637e-11
v(nsint_x_0_2000)	0.000000e+00	7.500000e-04	8.599344e-11
v(nsint_x_1000_2000)	3.000000e-04	7.500000e-04	8.408557e-11
v(nsint_y_0_2000)	1.500000e-04	6.000000e-04	8.754769e-11
v(nsint_y_0_3000)	1.500000e-04	9.000000e-04	8.562721e-11
v(nsint_xy_0_2000)	1.500000e-04	7.500000e-04	8.599344e-11
v(nsint_x_1000_2000)	3.000000e-04	7.500000e-04	8.408557e-11
v(nsint_x_2000_2000)	6.000000e-04	7.500000e-04	7.436296e-11
v(nsint_y_1000_2000)	4.500000e-04	6.000000e-04	8.457045e-11
v(nsint_y_1000_3000)	4.500000e-04	9.000000e-04	8.250390e-11
v(nsint_xy_1000_2000)	4.500000e-04	7.500000e-04	8.170735e-11
v(nsint_x_2000_2000)	6.000000e-04	7.500000e-04	7.436296e-11
v(nsint_x_3000_2000)	9.000000e-04	7.500000e-04	7.199196e-11
v(nsint_y_2000_2000)	7.500000e-04	6.000000e-04	7.455704e-11
v(nsint_y_2000_3000)	7.500000e-04	9.000000e-04	7.086520e-11
v(nsint_xy_2000_2000)	7.500000e-04	7.500000e-04	6.590542e-11
v(nsint_x_3000_2000)	9.000000e-04	7.500000e-04	7.199196e-11
v(nsint_x_4000_2000)	1.200000e-03	7.500000e-04	8.154505e-11
v(nsint_y_3000_2000)	1.050000e-03	6.000000e-04	8.041478e-11
v(nsint_y_3000_3000)	1.050000e-03	9.000000e-04	7.433146e-11
v(nsint_xy_3000_2000)	1.050000e-03	7.500000e-04	7.725828e-11
v(nsint_x_4000_2000)	1.200000e-03	7.500000e-04	8.154505e-11
v(nsint_x_5000_2000)	1.500000e-03	7.500000e-04	8.500403e-11
v(nsint_y_4000_2000)	1.350000e-03	6.000000e-04	8.505396e-11
v(nsint_y_4000_3000)	1.350000e-03	9.000000e-04	9.249161e-11
v(nsint_xy_4000_2000)	1.350000e-03	7.500000e-04	8.661439e-11
v(nsint_x_5000_2000)	1.500000e-03	7.500000e-04	8.500403e-11
v(nsint_x_6000_2000)	1.800000e-03	7.500000e-04	8.329639e-11
v(nsint_y_5000_2000)	1.650000e-03	6.000000e-04	6.676846e-11
v(nsint_y_5000_3000)	1.650000e-03	9.000000e-04	9.473101e-11
v(nsint_xy_5000_2000)	1.650000e-03	7.500000e-04	8.261204e-11
v(nsint_x_6000_2000)	1.800000e-03	7.500000e-04	8.329639e-11
v(nsint_x_7000_2000)	2.100000e-03	7.500000e-04	7.812482e-11
v(nsint_y_6000_2000)	1.950000e-03	6.000000e-04	8.136283e-11
v(nsint_y_6000_3000)	1.950000e-03	9.000000e-04	9.487784e-11
v(nsint_xy_6000_2000)	1.950000e-03	7.500000e-04	8.428396e-11
v(nsint_x_7000_2000)	2.100000e-03	7.500000e-04	7.812482e-11
v(nsint_x_8000_2000)	2.400000e-03	7.500000e-04	6.990714e-11
v(nsint_y_7000_2000)	2.250000e-03	6.000000e-04	7.287828e-11
v(nsint_y_7000_3000)	2.250000e-03	9.000000e-04	6.550057e-11
v(nsint_xy_7000_2000)	2.250000e-03	7.500000e-04	7.211170e-11
v(nsint_x_8000_2000)	2.400000e-03	7.500000e-04	6.990714e-11
v(nsint_x_9000_2000)	2.700000e-03	7.500000e-04	6.773735e-11
v(nsint_y_8000_2000)	2.550000e-03	6.000000e-04	5.870438e-11
v(nsint_y_8000_3000)	2.550000e-03	9.000000e-04	7.201539e-11
v(nsint_xy_8000_2000)	2.550000e-03	7.500000e-04	6.773735e-11
v(nsint_x_0_3000)	0.000000e+00	1.050000e-03	8.505754e-11
v(nsint_x_1000_3000)	3.000000e-04	1.050000e-03	8.380506e-11
v(nsint_y_0_3000)	1.500000e-04	9.000000e-04	8.562721e-11
v(nsint_y_0_4000)	1.500000e-04	1.200000e-03	8.432519e-11
v(nsint_xy_0_3000)	1.500000e-04	1.050000e-03	8.505754e-11
v(nsint_x_1000_3000)	3.000000e-04	1.050000e-03	8.380506e-11
v(nsint_x_2000_3000)	6.000000e-04	1.050000e-03	7.944114e-11
v(nsint_y_1000_3000)	4.500000e-04	9.000000e-04	8.250390e-11
v(nsint_y_1000_4000)	4.500000e-04	1.200000e-03	8.230501e-11
v(nsint_xy_1000_3000)	4.500000e-04	1.050000e-03	8.261263e-11
v(nsint_x_2000_3000)	6.000000e-04	1.050000e-03	7.944114e-11
v(nsint_x_3000_3000)	9.000000e-04	1.050000e-03	7.350684e-11
v(nsint_y_2000_3000)	7.500000e-04	9.000000e-04	7.086520e-11
v(nsint_y_2000_4000)	7.500000e-04	1.200000e-03	7.630647e-11
v(nsint_xy_2000_3000)	7.500000e-04	1.050000e-03	7.560505e-11
v(nsint_x_3000_3000)	9.000000e-04	1.050000e-03	7.350684e-11
v(nsint_x_4000_3000)	1.200000e-03	1.050000e-03	8.517331e-11
v(nsint_y_3000_3000)	1.050000e-03	9.000000e-04	7.433146e-11
v(nsint_y_3000_4000)	1.050000e-03	1.200000e-03	8.067282e-11
v(nsint_xy_3000_3000)	1.050000e-03	1.050000e-03	7.121858e-11
v(nsint_x_4000_3000)	1.200000e-03	1.050000e-03	8.517331e-11
v(nsint_x_5000_3000)	1.500000e-03	1.050000e-03	1.022971e-10
v(nsint_y_4000_3000)	1.350000e-03	9.000000e-04	9.249161e-11
v(nsint_y_4000_4000)	1.350000e-03	1.200000e-03	1.328679e-10
v(nsint_xy_4000_3000)	1.350000e-03	1.050000e-03	9.947820e-11
v(nsint_x_5000_3000)	1.500000e-03	1.050000e-03	1.022971e-10
v(nsint_x_6000_3000)	1.800000e-03	1.050000e-03	1.046696e-10
v(nsint_y_5000_3000)	1.650000e-03	9.000000e-04	9.473101e-11
v(nsint_y_5000_4000)	1.650000e-03	1.200000e-03	1.237155e-10
v(nsint_xy_5000_3000)	1.650000e-03	1.050000e-03	1.055916e-10
v(nsint_x_6000_3000)	1.800000e-03	1.050000e-03	1.046696e-10
v(nsint_x_7000_3000)	2.100000e-03	1.050000e-03	9.353705e-11
v(nsint_y_6000_3000)	1.950000e-03	9.000000e-04	9.487784e-11
v(nsint_y_6000_4000)	1.950000e-03	1.200000e-03	1.232686e-10
v(nsint_xy_6000_3000)	1.950000e-03	1.050000e-03	1.041947e-10
v(nsint_x_7000_3000)	2.100000e-03	1.050000e-03	9.353705e-11
v(nsint_x_8000_3000)	2.400000e-03	1.050000e-03	7.891369e-11
v(nsint_y_7000_3000)	2.250000e-03	9.000000e-04	6.550057e-11
v(nsint_y_7000_4000)	2.250000e-03	1.200000e-03	8.804440e-11
v(nsint_xy_7000_3000)	2.250000e-03	1.050000e-03	8.179424e-11
v(nsint_x_8000_3000)	2.400000e-03	1.050000e-03	7.891369e-11
v(nsint_x_9000_3000)	2.700000e-03	1.050000e-03	7.665355e-11
v(nsint_y_8000_3000)	2.550000e-03	9.000000e-04	7.201539e-11
v(nsint_y_8000_4000)	2.550000e-03	1.200000e-03	7.651914e-11
v(nsint_xy_8000_3000)	2.550000e-03	1.050000e-03	7.665355e-11
v(nsint_x_0_4000)	0.000000e+00	1.350000e-03	8.377162e-11
v(nsint_x_1000_4000)	3.000000e-04	1.350000e-03	8.271099e-11
v(nsint_y_0_4000)	1.500000e-04	1.200000e-03	8.432519e-11
v(nsint_y_0_5000)	1.500000e-04	1.500000e-03	8.382030e-11
v(nsint_xy_0_4000)	1.500000e-04	1.350000e-03	8.377162e-11
v(nsint_x_1000_4000)	3.000000e-04	1.350000e-03	8.271099e-11
v(nsint_x_2000_4000)	6.000000e-04	1.350000e-03	7.960034e-11
v(nsint_y_1000_4000)	4.500000e-04	1.200000e-03	8.230501e-11
v(nsint_y_1000_5000)	4.500000e-04	1.500000e-03	8.179055e-11
v(nsint_xy_1000_4000)	4.500000e-04	1.350000e-03	8.221225e-11
v(nsint_x_2000_4000)	6.000000e-04	1.350000e-03	7.960034e-11
v(nsint_x_3000_4000)	9.000000e-04	1.350000e-03	8.292766e-11
v(nsint_y_2000_4000)	7.500000e-04	1.200000e-03	7.630647e-11
v(nsint_y_2000_5000)	7.500000e-04	1.500000e-03	6.474636e-11
v(nsint_xy_2000_4000)	7.500000e-04	1.350000e-03	7.685147e-11
v(nsint_x_3000_4000)	9.000000e-04	1.350000e-03	8.292766e-11
v(nsint_x_4000_4000)	1.200000e-03	1.350000e-03	1.084659e-10
v(nsint_y_3000_4000)	1.050000e-03	1.200000e-03	8.067282e-11
v(nsint_y_3000_5000)	1.050000e-03	1.500000e-03	8.914957e-11
v(nsint_xy_3000_4000)	1.050000e-03	1.350000e-03	8.924696e-11
v(nsint_x_4000_4000)	1.200000e-03	1.350000e-03	1.084659e-10
v(nsint_x_5000_4000)	1.500000e-03	1.350000e-03	1.341594e-10
v(nsint_y_4000_4000)	1.350000e-03	1.200000e-03	1.328679e-10
v(nsint_y_4000_5000)	1.350000e-03	1.500000e-03	1.428849e-10
v(nsint_xy_4000_4000)	1.350000e-03	1.350000e-03	1.360197e-10
v(nsint_x_5000_4000)	1.500000e-03	1.350000e-03	1.341594e-10
v(nsint_x_6000_4000)	1.800000e-03	1.350000e-03	1.214824e-10
v(nsint_y_5000_4000)	1.650000e-03	1.200000e-03	1.237155e-10
v(nsint_y_5000_5000)	1.650000e-03	1.500000e-03	1.265536e-10
v(nsint_xy_5000_4000)	1.650000e-03	1.350000e-03	1.285304e-10
v(nsint_x_6000_4000)	1.800000e-03	1.350000e-03	1.214824e-10
v(nsint_x_7000_4000)	2.100000e-03	1.350000e-03	1.078618e-10
v(nsint_y_6000_4000)	1.950000e-03	1.200000e-03	1.232686e-10
v(nsint_y_6000_5000)	1.950000e-03	1.500000e-03	1.282225e-10
v(nsint_xy_6000_4000)	1.950000e-03	1.350000e-03	1.206993e-10
v(nsint_x_7000_4000)	2.100000e-03	1.350000e-03	1.078618e-10
v(nsint_x_8000_4000)	2.400000e-03	1.350000e-03	8.496599e-11
v(nsint_y_7000_4000)	2.250000e-03	1.200000e-03	8.804440e-11
v(nsint_y_7000_5000)	2.250000e-03	1.500000e-03	9.589069e-11
v(nsint_xy_7000_4000)	2.250000e-03	1.350000e-03	9.537235e-11
v(nsint_x_8000_4000)	2.400000e-03	1.350000e-03	8.496599e-11
v(nsint_x_9000_4000)	2.700000e-03	1.350000e-03	7.638610e-11
v(nsint_y_8000_4000)	2.550000e-03	1.200000e-03	7.651914e-11
v(nsint_y_8000_5000)	2.550000e-03	1.500000e-03	6.584946e-11
v(nsint_xy_8000_4000)	2.550000e-03	1.350000e-03	7.638610e-11
v(nsint_x_0_5000)	0.000000e+00	1.650000e-03	8.484247e-11
v(nsint_x_1000_5000)	3.000000e-04	1.650000e-03	8.279559e-11
v(nsint_y_0_5000)	1.500000e-04	1.500000e-03	8.382030e-11
v(nsint_y_0_6000)	1.500000e-04	1.800000e-03	8.426467e-11
v(nsint_xy_0_5000)	1.500000e-04	1.650000e-03	8.484247e-11
v(nsint_x_1000_5000)	3.000000e-04	1.650000e-03	8.279559e-11
v(nsint_x_2000_5000)	6.000000e-04	1.650000e-03	7.945647e-11
v(nsint_y_1000_5000)	4.500000e-04	1.500000e-03	8.179055e-11
v(nsint_y_1000_6000)	4.500000e-04	1.800000e-03	8.175994e-11
v(nsint_xy_1000_5000)	4.500000e-04	1.650000e-03	8.157383e-11
v(nsint_x_2000_5000)	6.000000e-04	1.650000e-03	7.945647e-11
v(nsint_x_3000_5000)	9.000000e-04	1.650000e-03	8.262089e-11
v(nsint_y_2000_5000)	7.500000e-04	1.500000e-03	6.474636e-11
v(nsint_y_2000_6000)	7.500000e-04	1.800000e-03	7.666159e-11
v(nsint_xy_2000_5000)	7.500000e-04	1.650000e-03	7.647487e-11
v(nsint_x_3000_5000)	9.000000e-04	1.650000e-03	8.262089e-11
v(nsint_x_4000_5000)	1.200000e-03	1.650000e-03	1.011622e-10
v(nsint_y_3000_5000)	1.050000e-03	1.500000e-03	8.914957e-11
v(nsint_y_3000_6000)	1.050000e-03	1.800000e-03	8.375005e-11
v(nsint_xy_3000_5000)	1.050000e-03	1.650000e-03	8.874337e-11
v(nsint_x_4000_5000)	1.200000e-03	1.650000e-03	1.011622e-10
v(nsint_x_5000_5000)	1.500000e-03	1.650000e-03	1.155094e-10
v(nsint_y_4000_5000)	1.350000e-03	1.500000e-03	1.428849e-10
v(nsint_y_4000_6000)	1.350000e-03	1.800000e-03	1.252082e-10
v(nsint_xy_4000_5000)	1.350000e-03	1.650000e-03	1.245450e-10
v(nsint_x_5000_5000)	1.500000e-03	1.650000e-03	1.155094e-10
v(nsint_x_6000_5000)	1.800000e-03	1.650000e-03	1.157142e-10
v(nsint_y_5000_5000)	1.650000e-03	1.500000e-03	1.265536e-10
v(nsint_y_5000_6000)	1.650000e-03	1.800000e-03	1.195056e-10
v(nsint_xy_5000_5000)	1.650000e-03	1.650000e-03	1.142043e-10
v(nsint_x_6000_5000)	1.800000e-03	1.650000e-03	1.157142e-10
v(nsint_x_7000_5000)	2.100000e-03	1.650000e-03	1.059758e-10
v(nsint_y_6000_5000)	1.950000e-03	1.500000e-03	1.282225e-10
v(nsint_y_6000_6000)	1.950000e-03	1.800000e-03	1.142830e-10
v(nsint_xy_6000_5000)	1.950000e-03	1.650000e-03	1.166978e-10
v(nsint_x_7000_5000)	2.100000e-03	1.650000e-03	1.059758e-10
v(nsint_x_8000_5000)	2.400000e-03	1.650000e-03	8.630215e-11
v(nsint_y_7000_5000)	2.250000e-03	1.500000e-03	9.589069e-11
v(nsint_y_7000_6000)	2.250000e-03	1.800000e-03	9.282367e-11
v(nsint_xy_7000_5000)	2.250000e-03	1.650000e-03	9.621012e-11
v(nsint_x_8000_5000)	2.400000e-03	1.650000e-03	8.630215e-11
v(nsint_x_9000_5000)	2.700000e-03	1.650000e-03	7.732235e-11
v(nsint_y_8000_5000)	2.550000e-03	1.500000e-03	6.584946e-11
v(nsint_y_8000_6000)	2.550000e-03	1.800000e-03	7.862367e-11
v(nsint_xy_8000_5000)	2.550000e-03	1.650000e-03	7.732235e-11
v(nsint_x_0_6000)	0.000000e+00	1.950000e-03	8.440921e-11
v(nsint_x_1000_6000)	3.000000e-04	1.950000e-03	8.275756e-11
v(nsint_y_0_6000)	1.500000e-04	1.800000e-03	8.426467e-11
v(nsint_y_0_7000)	1.500000e-04	2.100000e-03	8.347763e-11
v(nsint_xy_0_6000)	1.500000e-04	1.950000e-03	8.440921e-11
v(nsint_x_1000_6000)	3.000000e-04	1.950000e-03	8.275756e-11
v(nsint_x_2000_6000)	6.000000e-04	1.950000e-03	7.938522e-11
v(nsint_y_1000_6000)	4.500000e-04	1.800000e-03	8.175994e-11
v(nsint_y_1000_7000)	4.500000e-04	2.100000e-03	8.020101e-11
v(nsint_xy_1000_6000)	4.500000e-04	1.950000e-03	8.187473e-11
v(nsint_x_2000_6000)	6.000000e-04	1.950000e-03	7.938522e-11
v(nsint_x_3000_6000)	9.000000e-04	1.950000e-03	7.766077e-11
v(nsint_y_2000_6000)	7.500000e-04	1.800000e-03	7.666159e-11
v(nsint_y_2000_7000)	7.500000e-04	2.100000e-03	7.387070e-11
v(nsint_xy_2000_6000)	7.500000e-04	1.950000e-03	7.654200e-11
v(nsint_x_3000_6000)	9.000000e-04	1.950000e-03	7.766077e-11
v(nsint_x_4000_6000)	1.200000e-03	1.950000e-03	8.747153e-11
v(nsint_y_3000_6000)	1.050000e-03	1.800000e-03	8.375005e-11
v(nsint_y_3000_7000)	1.050000e-03	2.100000e-03	6.528573e-11
v(nsint_xy_3000_6000)	1.050000e-03	1.950000e-03	7.864895e-11
v(nsint_x_4000_6000)	1.200000e-03	1.950000e-03	8.747153e-11
v(nsint_x_5000_6000)	1.500000e-03	1.950000e-03	1.000375e-10
v(nsint_y_4000_6000)	1.350000e-03	1.800000e-03	1.252082e-10
v(nsint_y_4000_7000)	1.350000e-03	2.100000e-03	8.869193e-11
v(nsint_xy_4000_6000)	1.350000e-03	1.950000e-03	9.659180e-11
v(nsint_x_5000_6000)	1.500000e-03	1.950000e-03	1.000375e-10
v(nsint_x_6000_6000)	1.800000e-03	1.950000e-03	1.070122e-10
v(nsint_y_5000_6000)	1.650000e-03	1.800000e-03	1.195056e-10
v(nsint_y_5000_7000)	1.650000e-03	2.100000e-03	9.230394e-11
v(nsint_xy_5000_6000)	1.650000e-03	1.950000e-03	1.048647e-10
v(nsint_x_6000_6000)	1.800000e-03	1.950000e-03	1.070122e-10
v(nsint_x_7000_6000)	2.100000e-03	1.950000e-03	9.937464e-11
v(nsint_y_6000_6000)	1.950000e-03	1.800000e-03	1.142830e-10
v(nsint_y_6000_7000)	1.950000e-03	2.100000e-03	9.671956e-11
v(nsint_xy_6000_6000)	1.950000e-03	1.950000e-03	1.093055e-10
v(nsint_x_7000_6000)	2.100000e-03	1.950000e-03	9.937464e-11
v(nsint_x_8000_6000)	2.400000e-03	1.950000e-03	8.320335e-11
v(nsint_y_7000_6000)	2.250000e-03	1.800000e-03	9.282367e-11
v(nsint_y_7000_7000)	2.250000e-03	2.100000e-03	7.676335e-11
v(nsint_xy_7000_6000)	2.250000e-03	1.950000e-03	8.849959e-11
v(nsint_x_8000_6000)	2.400000e-03	1.950000e-03	8.320335e-11
v(nsint_x_9000_6000)	2.700000e-03	1.950000e-03	7.912171e-11
v(nsint_y_8000_6000)	2.550000e-03	1.800000e-03	7.862367e-11
v(nsint_y_8000_7000)	2.550000e-03	2.100000e-03	7.433407e-11
v(nsint_xy_8000_6000)	2.550000e-03	1.950000e-03	7.912171e-11
v(nsint_x_0_7000)	0.000000e+00	2.250000e-03	8.254737e-11
v(nsint_x_1000_7000)	3.000000e-04	2.250000e-03	8.078595e-11
v(nsint_y_0_7000)	1.500000e-04	2.100000e-03	8.347763e-11
v(nsint_y_0_8000)	1.500000e-04	2.400000e-03	8.213733e-11
v(nsint_xy_0_7000)	1.500000e-04	2.250000e-03	8.254737e-11
v(nsint_x_1000_7000)	3.000000e-04	2.250000e-03	8.078595e-11
v(nsint_x_2000_7000)	6.000000e-04	2.250000e-03	7.464754e-11
v(nsint_y_1000_7000)	4.500000e-04	2.100000e-03	8.020101e-11
v(nsint_y_1000_8000)	4.500000e-04	2.400000e-03	7.735770e-11
v(nsint_xy_1000_7000)	4.500000e-04	2.250000e-03	7.834249e-11
v(nsint_x_2000_7000)	6.000000e-04	2.250000e-03	7.464754e-11
v(nsint_x_3000_7000)	9.000000e-04	2.250000e-03	7.154695e-11
v(nsint_y_2000_7000)	7.500000e-04	2.100000e-03	7.387070e-11
v(nsint_y_2000_8000)	7.500000e-04	2.400000e-03	6.102385e-11
v(nsint_xy_2000_7000)	7.500000e-04	2.250000e-03	7.065767e-11
v(nsint_x_3000_7000)	9.000000e-04	2.250000e-03	7.154695e-11
v(nsint_x_4000_7000)	1.200000e-03	2.250000e-03	7.756608e-11
v(nsint_y_3000_7000)	1.050000e-03	2.100000e-03	6.528573e-11
v(nsint_y_3000_8000)	1.050000e-03	2.400000e-03	7.316473e-11
v(nsint_xy_3000_7000)	1.050000e-03	2.250000e-03	7.235719e-11
v(nsint_x_4000_7000)	1.200000e-03	2.250000e-03	7.756608e-11
v(nsint_x_5000_7000)	1.500000e-03	2.250000e-03	8.136085e-11
v(nsint_y_4000_7000)	1.350000e-03	2.100000e-03	8.869193e-11
v(nsint_y_4000_8000)	1.350000e-03	2.400000e-03	8.040443e-11
v(nsint_xy_4000_7000)	1.350000e-03	2.250000e-03	8.215196e-11
v(nsint_x_5000_7000)	1.500000e-03	2.250000e-03	8.136085e-11
v(nsint_x_6000_7000)	1.800000e-03	2.250000e-03	8.224060e-11
v(nsint_y_5000_7000)	1.650000e-03	2.100000e-03	9.230394e-11
v(nsint_y_5000_8000)	1.650000e-03	2.400000e-03	6.559584e-11
v(nsint_xy_5000_7000)	1.650000e-03	2.250000e-03	8.058159e-11
v(nsint_x_6000_7000)	1.800000e-03	2.250000e-03	8.224060e-11
v(nsint_x_7000_7000)	2.100000e-03	2.250000e-03	7.503648e-11
v(nsint_y_6000_7000)	1.950000e-03	2.100000e-03	9.671956e-11
v(nsint_y_6000_8000)	1.950000e-03	2.400000e-03	7.906040e-11
v(nsint_xy_6000_7000)	1.950000e-03	2.250000e-03	8.302188e-11
v(nsint_x_7000_7000)	2.100000e-03	2.250000e-03	7.503648e-11
v(nsint_x_8000_7000)	2.400000e-03	2.250000e-03	6.702854e-11
v(nsint_y_7000_7000)	2.250000e-03	2.100000e-03	7.676335e-11
v(nsint_y_7000_8000)	2.250000e-03	2.400000e-03	6.701188e-11
v(nsint_xy_7000_7000)	2.250000e-03	2.250000e-03	6.560786e-11
v(nsint_x_8000_7000)	2.400000e-03	2.250000e-03	6.702854e-11
v(nsint_x_9000_7000)	2.700000e-03	2.250000e-03	6.861654e-11
v(nsint_y_8000_7000)	2.550000e-03	2.100000e-03	7.433407e-11
v(nsint_y_8000_8000)	2.550000e-03	2.400000e-03	6.282057e-11
v(nsint_xy_8000_7000)	2.550000e-03	2.250000e-03	6.861654e-11
v(nsint_x_0_8000)	0.000000e+00	2.550000e-03	8.107797e-11
v(nsint_x_1000_8000)	3.000000e-04	2.550000e-03	7.896717e-11
v(nsint_y_0_8000)	1.500000e-04	2.400000e-03	8.213733e-11
v(nsint_y_0_9000)	1.500000e-04	2.700000e-03	8.107797e-11
v(nsint_xy_0_8000)	1.500000e-04	2.550000e-03	8.107797e-11
v(nsint_x_1000_8000)	3.000000e-04	2.550000e-03	7.896717e-11
v(nsint_x_2000_8000)	6.000000e-04	2.550000e-03	7.291276e-11
v(nsint_y_1000_8000)	4.500000e-04	2.400000e-03	7.735770e-11
v(nsint_y_1000_9000)	4.500000e-04	2.700000e-03	7.665815e-11
v(nsint_xy_1000_8000)	4.500000e-04	2.550000e-03	7.665815e-11
v(nsint_x_2000_8000)	6.000000e-04	2.550000e-03	7.291276e-11
v(nsint_x_3000_8000)	9.000000e-04	2.550000e-03	7.132378e-11
v(nsint_y_2000_8000)	7.500000e-04	2.400000e-03	6.102385e-11
v(nsint_y_2000_9000)	7.500000e-04	2.700000e-03	6.918041e-11
v(nsint_xy_2000_8000)	7.500000e-04	2.550000e-03	6.918041e-11
v(nsint_x_3000_8000)	9.000000e-04	2.550000e-03	7.132378e-11
v(nsint_x_4000_8000)	1.200000e-03	2.550000e-03	7.640909e-11
v(nsint_y_3000_8000)	1.050000e-03	2.400000e-03	7.316473e-11
v(nsint_y_3000_9000)	1.050000e-03	2.700000e-03	7.408690e-11
v(nsint_xy_3000_8000)	1.050000e-03	2.550000e-03	7.408690e-11
v(nsint_x_4000_8000)	1.200000e-03	2.550000e-03	7.640909e-11
v(nsint_x_5000_8000)	1.500000e-03	2.550000e-03	7.543317e-11
v(nsint_y_4000_8000)	1.350000e-03	2.400000e-03	8.040443e-11
v(nsint_y_4000_9000)	1.350000e-03	2.700000e-03	7.801218e-11
v(nsint_xy_4000_8000)	1.350000e-03	2.550000e-03	7.801218e-11
v(nsint_x_5000_8000)	1.500000e-03	2.550000e-03	7.543317e-11
v(nsint_x_6000_8000)	1.800000e-03	2.550000e-03	7.362358e-11
v(nsint_y_5000_8000)	1.650000e-03	2.400000e-03	6.559584e-11
v(nsint_y_5000_9000)	1.650000e-03	2.700000e-03	7.203972e-11
v(nsint_xy_5000_8000)	1.650000e-03	2.550000e-03	7.203972e-11
v(nsint_x_6000_8000)	1.800000e-03	2.550000e-03	7.362358e-11
v(nsint_x_7000_8000)	2.100000e-03	2.550000e-03	7.124115e-11
v(nsint_y_6000_8000)	1.950000e-03	2.400000e-03	7.906040e-11
v(nsint_y_6000_9000)	1.950000e-03	2.700000e-03	7.519893e-11
v(nsint_xy_6000_8000)	1.950000e-03	2.550000e-03	7.519893e-11
v(nsint_x_7000_8000)	2.100000e-03	2.550000e-03	7.124115e-11
v(nsint_x_8000_8000)	2.400000e-03	2.550000e-03	6.256977e-11
v(nsint_y_7000_8000)	2.250000e-03	2.400000e-03	6.701188e-11
v(nsint_y_7000_9000)	2.250000e-03	2.700000e-03	6.786414e-11
v(nsint_xy_7000_8000)	2.250000e-03	2.550000e-03	6.786414e-11
v(nsint_x_8000_8000)	2.400000e-03	2.550000e-03	6.256977e-11
v(nsint_x_9000_8000)	2.700000e-03	2.550000e-03	5.652382e-11
v(nsint_y_8000_8000)	2.550000e-03	2.400000e-03	6.282057e-11
v(nsint_y_8000_9000)	2.550000e-03	2.700000e-03	5.652382e-11
v(nsint_xy_8000_8000)	2.550000e-03	2.550000e-03	5.652382e-11
